"","hstart","htraffic1","htraffic2","hspop","b","error"
"dday2",4.9917180987,0.000000589,-0.0000299079,0.0000462839,-395.7083801834,12.2
