"","hstart","hholiday","hspop","b","error"
"morning",4.34301003,23.58753156,0.00002775,-245.56414946,12.76
"afternoon",-10.1874,32.5599,0,189.039,12.67
